Workbook

Sheet Excel_jumia_dataset (2)
A1: Product,Current price,old price,Discount,Review,Ratingd
A2: 115 Piece Set Of Multifunctional Precision Screwdrivers,KSh 950,"KSh 1,525",38%,-2,4.5 out of 5
A3: Metal Decorative Hooks Key Hangers Entryway Wall Hooks Towel Hooks - Home,KSh 527,KSh 999,47%,-14,4.1 out of 5
A4: Portable Mini Cordless Car Vacuum Cleaner - Blue,"KSh 2,199","KSh 2,923",25%,-24,4.6 out of 5
A5: Weighing Scale Digital Bathroom Body Fat Scale USB-Black,"KSh 1,580","KSh 2,499",37%,-7,4.7 out of 5
A6: Portable Home Small Air Humidifier 3-Speed Fan - Green,"KSh 1,740","KSh 2,356",26%,-5,4.8 out of 5
A7: 220V 60W Electric Soldering Iron Kits With Tools, Tips, And Multimeter,"KSh 2,999","KSh 3,290",9%,-15,4 out of 5
A8: 137 Pieces Cake Decorating Tool Set Baking Supplies,"KSh 2,319","KSh 3,032",24%,-55,4.6 out of 5
A9: Desk Foldable Fan Adjustable Fan Strong Wind 3 Gear Usb,KSh 988,"KSh 1,580",37%,-2,4 out of 5
A10: LASA FOLDING TABLE SERVING STAND,"KSh 1,274","KSh 2,800",55%,-5,4.8 out of 5
A11: 13 In 1 Home Repair Tools Box Kit Set,"KSh 1,600","KSh 2,929",45%,-5,3.8 out of 5
A12: Genebre 115 In 1 Screwdriver Repairing Tool Set For IPhone Cellphone Hand Tool,KSh 799,KSh 999,20%,-12,4.1 out of 5
... A116: Black Simple Water Cup Wine Coaster Anti Slip Absorbent,KSh 169,KSh 320,47%,,

Sheet Sheet1
A1: Product | B1: Current price | C1: old price | D1: Absolute Discount | E1: Discount | F1: Discount Category | G1: Review | H1: Ratings | I1: Rating Category | K1: AVERAGE
A2: 115 Piece Set Of Multifunctional Precision Screwdrivers | B2: 950 | C2: 1525 | D2: =C2-B2 -> 575 | E2: 0.38 | F2: =IF(E2<20%,"Low Discount",IF(E2<=40%,"Medium Discount","High Discount")) -> Medium Discount | G2: 2 | H2: 4.5 | I2: =IF(ISBLANK(H2),"Unknown",IF(H2<3,"Poor", IF(H2<=4,"Average", IF(H2<4.5,"Good","Excellent")))) -> Excellent | K2: Current Price | L2: =AVERAGE(B2:B113) -> 1186.8929
A3: Metal Decorative Hooks Key Hangers Entryway Wall Hooks Towel Hooks - Home | B3: 527 | C3: 999 | D3: =C3-B3 -> 472 | E3: 0.47 | F3: =IF(E3<20%,"Low Discount",IF(E3<=40%,"Medium Discount","High Discount")) -> High Discount | G3: 14 | H3: 4.1 | I3: =IF(ISBLANK(H3),"Unknown",IF(H3<3,"Poor", IF(H3<=4,"Average", IF(H3<4.5,"Good","Excellent")))) -> Good | K3: Old Price | L3: =AVERAGE(C2:C113) -> 1811.1071
A4: Portable Mini Cordless Car Vacuum Cleaner - Blue | B4: 2199 | C4: 2923 | D4: =C4-B4 -> 724 | E4: 0.25 | F4: =IF(E4<20%,"Low Discount",IF(E4<=40%,"Medium Discount","High Discount")) -> Medium Discount | G4: 24 | H4: 4.6 | I4: =IF(ISBLANK(H4),"Unknown",IF(H4<3,"Poor", IF(H4<=4,"Average", IF(H4<4.5,"Good","Excellent")))) -> Excellent | K4: Discount Percentage | L4: =AVERAGE(E2:E113) -> 0.36776786
A5: Weighing Scale Digital Bathroom Body Fat Scale USB-Black | B5: 1580 | C5: 2499 | D5: =C5-B5 -> 919 | E5: 0.37 | F5: =IF(E5<20%,"Low Discount",IF(E5<=40%,"Medium Discount","High Discount")) -> Medium Discount | G5: 7 | H5: 4.7 | I5: =IF(ISBLANK(H5),"Unknown",IF(H5<3,"Poor", IF(H5<=4,"Average", IF(H5<4.5,"Good","Excellent")))) -> Excellent | K5: Ratings | L5: =AVERAGE(H2:H113) -> 3.8894737
A6: Portable Home Small Air Humidifier 3-Speed Fan - Green | B6: 1740 | C6: 2356 | D6: =C6-B6 -> 616 | E6: 0.26 | F6: =IF(E6<20%,"Low Discount",IF(E6<=40%,"Medium Discount","High Discount")) -> Medium Discount | G6: 5 | H6: 4.8 | I6: =IF(ISBLANK(H6),"Unknown",IF(H6<3,"Poor", IF(H6<=4,"Average", IF(H6<4.5,"Good","Excellent")))) -> Excellent
A7: 220V 60W Electric Soldering Iron Kits With Tools, Tips, And Multimeter | B7: 2999 | C7: 3290 | D7: =C7-B7 -> 291 | E7: 0.09 | F7: =IF(E7<20%,"Low Discount",IF(E7<=40%,"Medium Discount","High Discount")) -> Low Discount | G7: 15 | H7: 4 | I7: =IF(ISBLANK(H7),"Unknown",IF(H7<3,"Poor", IF(H7<=4,"Average", IF(H7<4.5,"Good","Excellent")))) -> Average | K7: MEAN:
A8: 137 Pieces Cake Decorating Tool Set Baking Supplies | B8: 2319 | C8: 3032 | D8: =C8-B8 -> 713 | E8: 0.24 | F8: =IF(E8<20%,"Low Discount",IF(E8<=40%,"Medium Discount","High Discount")) -> Medium Discount | G8: 55 | H8: 4.6 | I8: =IF(ISBLANK(H8),"Unknown",IF(H8<3,"Poor", IF(H8<=4,"Average", IF(H8<4.5,"Good","Excellent")))) -> Excellent | K8: MAX | L8: =MAX(B2:B113) -> 3750
A9: Desk Foldable Fan Adjustable Fan Strong Wind 3 Gear Usb | B9: 988 | C9: 1580 | D9: =C9-B9 -> 592 | E9: 0.37 | F9: =IF(E9<20%,"Low Discount",IF(E9<=40%,"Medium Discount","High Discount")) -> Medium Discount | G9: 2 | H9: 4 | I9: =IF(ISBLANK(H9),"Unknown",IF(H9<3,"Poor", IF(H9<=4,"Average", IF(H9<4.5,"Good","Excellent")))) -> Average | K9: MIN | L9: =MIN(B2:B113) -> 38
A10: LASA FOLDING TABLE SERVING STAND | B10: 1274 | C10: 2800 | D10: =C10-B10 -> 1526 | E10: 0.55 | F10: =IF(E10<20%,"Low Discount",IF(E10<=40%,"Medium Discount","High Discount")) -> High Discount | G10: 5 | H10: 4.8 | I10: =IF(ISBLANK(H10),"Unknown",IF(H10<3,"Poor", IF(H10<=4,"Average", IF(H10<4.5,"Good","Excellent")))) -> Excellent
A11: 13 In 1 Home Repair Tools Box Kit Set | B11: 1600 | C11: 2929 | D11: =C11-B11 -> 1329 | E11: 0.45 | F11: =IF(E11<20%,"Low Discount",IF(E11<=40%,"Medium Discount","High Discount")) -> High Discount | G11: 5 | H11: 3.8 | I11: =IF(ISBLANK(H11),"Unknown",IF(H11<3,"Poor", IF(H11<=4,"Average", IF(H11<4.5,"Good","Excellent")))) -> Average
A12: Genebre 115 In 1 Screwdriver Repairing Tool Set For IPhone Cellphone Hand Tool | B12: 799 | C12: 999 | D12: =C12-B12 -> 200 | E12: 0.2 | F12: =IF(E12<20%,"Low Discount",IF(E12<=40%,"Medium Discount","High Discount")) -> Medium Discount | G12: 12 | H12: 4.1 | I12: =IF(ISBLANK(H12),"Unknown",IF(H12<3,"Poor", IF(H12<=4,"Average", IF(H12<4.5,"Good","Excellent")))) -> Good
A13: 100 Pcs Crochet Hook Tool Set Knitting Hook Set With Box | B13: 990 | C13: 1500 | D13: =C13-B13 -> 510 | E13: 0.34 | F13: =IF(E13<20%,"Low Discount",IF(E13<=40%,"Medium Discount","High Discount")) -> Medium Discount | G13: 39 | H13: 4.7 | I13: =IF(ISBLANK(H13),"Unknown",IF(H13<3,"Poor", IF(H13<=4,"Average", IF(H13<4.5,"Good","Excellent")))) -> Excellent
A14: 40cm Gold DIY Acrylic Wall Sticker Clock | B14: 552 | C14: 1035 | D14: =C14-B14 -> 483 | E14: 0.47 | F14: =IF(E14<20%,"Low Discount",IF(E14<=40%,"Medium Discount","High Discount")) -> High Discount | G14: 12 | H14: 4.8 | I14: =IF(ISBLANK(H14),"Unknown",IF(H14<3,"Poor", IF(H14<=4,"Average", IF(H14<4.5,"Good","Excellent")))) -> Excellent
A15: LASA Digital Thermometer And Hydrometer | B15: 501 | C15: 860 | D15: =C15-B15 -> 359 | E15: 0.42 | F15: =IF(E15<20%,"Low Discount",IF(E15<=40%,"Medium Discount","High Discount")) -> High Discount | G15: 6 | H15: 4.5 | I15: =IF(ISBLANK(H15),"Unknown",IF(H15<3,"Poor", IF(H15<=4,"Average", IF(H15<4.5,"Good","Excellent")))) -> Excellent
A16: Multifunction Laser Level With Adjustment Tripod | B16: 1680 | C16: 2499 | D16: =C16-B16 -> 819 | E16: 0.33 | F16: =IF(E16<20%,"Low Discount",IF(E16<=40%,"Medium Discount","High Discount")) -> Medium Discount | G16: 9 | H16: 4.2 | I16: =IF(ISBLANK(H16),"Unknown",IF(H16<3,"Poor", IF(H16<=4,"Average", IF(H16<4.5,"Good","Excellent")))) -> Good
A17: Anti-Skid Absorbent Insulation Coaster For Home Office | B17: 332 | C17: 684 | D17: =C17-B17 -> 352 | E17: 0.51 | F17: =IF(E17<20%,"Low Discount",IF(E17<=40%,"Medium Discount","High Discount")) -> High Discount | G17: 2 | H17: 5 | I17: =IF(ISBLANK(H17),"Unknown",IF(H17<3,"Poor", IF(H17<=4,"Average", IF(H17<4.5,"Good","Excellent")))) -> Excellent
A18: Peacock Throw Pillow Cushion Case For Home Car | B18: 195 | C18: 360 | D18: =C18-B18 -> 165 | E18: 0.46 | F18: =IF(E18<20%,"Low Discount",IF(E18<=40%,"Medium Discount","High Discount")) -> High Discount | G18: 2 | H18: 5 | I18: =IF(ISBLANK(H18),"Unknown",IF(H18<3,"Poor", IF(H18<=4,"Average", IF(H18<4.5,"Good","Excellent")))) -> Excellent
A19: LASA Aluminum Folding Truck Hand Cart - 68kg Max | B19: 2025 | C19: 3971 | D19: =C19-B19 -> 1946 | E19: 0.49 | F19: =IF(E19<20%,"Low Discount",IF(E19<=40%,"Medium Discount","High Discount")) -> High Discount | G19: 3 | H19: 5 | I19: =IF(ISBLANK(H19),"Unknown",IF(H19<3,"Poor", IF(H19<=4,"Average", IF(H19<4.5,"Good","Excellent")))) -> Excellent
A20: LED Wall Digital Alarm Clock Study Home 12 / 24H Clock Calendar | B20: 2999 | C20: 3699 | D20: =C20-B20 -> 700 | E20: 0.19 | F20: =IF(E20<20%,"Low Discount",IF(E20<=40%,"Medium Discount","High Discount")) -> Low Discount | G20: 5 | H20: 4.6 | I20: =IF(ISBLANK(H20),"Unknown",IF(H20<3,"Poor", IF(H20<=4,"Average", IF(H20<4.5,"Good","Excellent")))) -> Excellent
A21: 3D Waterproof EVA Plastic Shower Curtain 1.8*2Mtrs | B21: 998 | C21: 1966 | D21: =C21-B21 -> 968 | E21: 0.49 | F21: =IF(E21<20%,"Low Discount",IF(E21<=40%,"Medium Discount","High Discount")) -> High Discount | G21: 44 | H21: 4.6 | I21: =IF(ISBLANK(H21),"Unknown",IF(H21<3,"Poor", IF(H21<=4,"Average", IF(H21<4.5,"Good","Excellent")))) -> Excellent
A22: 3PCS Single Head Knitting Crochet Sweater Needle Set | B22: 38 | C22: 80 | D22: =C22-B22 -> 42 | E22: 0.53 | F22: =IF(E22<20%,"Low Discount",IF(E22<=40%,"Medium Discount","High Discount")) -> High Discount | G22: 13 | H22: 3.3 | I22: =IF(ISBLANK(H22),"Unknown",IF(H22<3,"Poor", IF(H22<=4,"Average", IF(H22<4.5,"Good","Excellent")))) -> Average
A23: 4pcs Bathroom/Kitchen Towel Rack,Roll Paper Holder,Towel Bars,Hook | B23: 1860 | C23: 3220 | D23: =C23-B23 -> 1360 | E23: 0.42 | F23: =IF(E23<20%,"Low Discount",IF(E23<=40%,"Medium Discount","High Discount")) -> High Discount | I23: =IF(ISBLANK(H23),"Unknown",IF(H23<3,"Poor", IF(H23<=4,"Average", IF(H23<4.5,"Good","Excellent")))) -> Unknown
A24: LED Romantic Spaceship Starry Sky Projector,Children's Bedroom Night Light-Blue | B24: 880 | C24: 1350 | D24: =C24-B24 -> 470 | E24: 0.35 | F24: =IF(E24<20%,"Low Discount",IF(E24<=40%,"Medium Discount","High Discount")) -> Medium Discount | G24: 6 | H24: 4 | I24: =IF(ISBLANK(H24),"Unknown",IF(H24<3,"Poor", IF(H24<=4,"Average", IF(H24<4.5,"Good","Excellent")))) -> Average
A25: Foldable Overbed Table/Desk | B25: 1650 | C25: 2150 | D25: =C25-B25 -> 500 | E25: 0.23 | F25: =IF(E25<20%,"Low Discount",IF(E25<=40%,"Medium Discount","High Discount")) -> Medium Discount | G25: 14 | H25: 4.4 | I25: =IF(ISBLANK(H25),"Unknown",IF(H25<3,"Poor", IF(H25<=4,"Average", IF(H25<4.5,"Good","Excellent")))) -> Good
A26: LASA 3 Tier Bamboo Shoe Bench Storage Shelf | B26: 2048 | C26: 4500 | D26: =C26-B26 -> 2452 | E26: 0.54 | F26: =IF(E26<20%,"Low Discount",IF(E26<=40%,"Medium Discount","High Discount")) -> High Discount | G26: 7 | H26: 4.3 | I26: =IF(ISBLANK(H26),"Unknown",IF(H26<3,"Poor", IF(H26<=4,"Average", IF(H26<4.5,"Good","Excellent")))) -> Good
A27: Electronic Digital Display Vernier Caliper | B27: 420 | C27: 647 | D27: =C27-B27 -> 227 | E27: 0.35 | F27: =IF(E27<20%,"Low Discount",IF(E27<=40%,"Medium Discount","High Discount")) -> Medium Discount | G27: 49 | H27: 4.6 | I27: =IF(ISBLANK(H27),"Unknown",IF(H27<3,"Poor", IF(H27<=4,"Average", IF(H27<4.5,"Good","Excellent")))) -> Excellent
A28: Portable Wardrobe Nonwoven With 3 Hanging Rods And 6 Storage Shelves | B28: 2880 | C28: 3520 | D28: =C28-B28 -> 640 | E28: 0.18 | F28: =IF(E28<20%,"Low Discount",IF(E28<=40%,"Medium Discount","High Discount")) -> Low Discount | G28: 12 | H28: 3.8 | I28: =IF(ISBLANK(H28),"Unknown",IF(H28<3,"Poor", IF(H28<=4,"Average", IF(H28<4.5,"Good","Excellent")))) -> Average
A29: 12 Litre Black Insulated Lunch Box | B29: 1350 | C29: 1990 | D29: =C29-B29 -> 640 | E29: 0.32 | F29: =IF(E29<20%,"Low Discount",IF(E29<=40%,"Medium Discount","High Discount")) -> Medium Discount | G29: 13 | H29: 3.8 | I29: =IF(ISBLANK(H29),"Unknown",IF(H29<3,"Poor", IF(H29<=4,"Average", IF(H29<4.5,"Good","Excellent")))) -> Average
A30: 52 Pieces Cake Decorating Tool Set Gift Kit Baking Supplies | B30: 1758 | C30: 2499 | D30: =C30-B30 -> 741 | E30: 0.3 | F30: =IF(E30<20%,"Low Discount",IF(E30<=40%,"Medium Discount","High Discount")) -> Medium Discount | G30: 20 | H30: 4.1 | I30: =IF(ISBLANK(H30),"Unknown",IF(H30<3,"Poor", IF(H30<=4,"Average", IF(H30<4.5,"Good","Excellent")))) -> Good
A31: MultiFunctional Storage Rack Multi-layer Bookshelf | B31: 2200 | C31: 4080 | D31: =C31-B31 -> 1880 | E31: 0.46 | F31: =IF(E31<20%,"Low Discount",IF(E31<=40%,"Medium Discount","High Discount")) -> High Discount | I31: =IF(ISBLANK(H31),"Unknown",IF(H31<3,"Poor", IF(H31<=4,"Average", IF(H31<4.5,"Good","Excellent")))) -> Unknown
A32: Exfoliate And Exfoliate Face Towel - Black | B32: 185 | C32: 382 | D32: =C32-B32 -> 197 | E32: 0.52 | F32: =IF(E32<20%,"Low Discount",IF(E32<=40%,"Medium Discount","High Discount")) -> High Discount | G32: 9 | H32: 4.3 | I32: =IF(ISBLANK(H32),"Unknown",IF(H32<3,"Poor", IF(H32<=4,"Average", IF(H32<4.5,"Good","Excellent")))) -> Good
A33: 12 Litre Insulated Lunch Box Grey | B33: 980 | C33: 1490 | D33: =C33-B33 -> 510 | E33: 0.34 | F33: =IF(E33<20%,"Low Discount",IF(E33<=40%,"Medium Discount","High Discount")) -> Medium Discount | G33: 12 | H33: 4.7 | I33: =IF(ISBLANK(H33),"Unknown",IF(H33<3,"Poor", IF(H33<=4,"Average", IF(H33<4.5,"Good","Excellent")))) -> Excellent
A34: LED Eye Protection Desk Lamp , Study, Reading, USB Fan - Double Pen Holder | B34: 1820 | C34: 3490 | D34: =C34-B34 -> 1670 | E34: 0.48 | F34: =IF(E34<20%,"Low Discount",IF(E34<=40%,"Medium Discount","High Discount")) -> High Discount | G34: 9 | H34: 4.3 | I34: =IF(ISBLANK(H34),"Unknown",IF(H34<3,"Poor", IF(H34<=4,"Average", IF(H34<4.5,"Good","Excellent")))) -> Good
A35: 53Pcs/Set Yarn Knitting Crochet Hooks With Bag - Fortune Cat | B35: 1940 | C35: 2650 | D35: =C35-B35 -> 710 | E35: 0.27 | F35: =IF(E35<20%,"Low Discount",IF(E35<=40%,"Medium Discount","High Discount")) -> Medium Discount | G35: 20 | H35: 4.7 | I35: =IF(ISBLANK(H35),"Unknown",IF(H35<3,"Poor", IF(H35<=4,"Average", IF(H35<4.5,"Good","Excellent")))) -> Excellent
A36: 53 Pieces/Set Yarn Knitting Crochet Hooks With Bag - Pansies | B36: 1980 | C36: 2699 | D36: =C36-B36 -> 719 | E36: 0.27 | F36: =IF(E36<20%,"Low Discount",IF(E36<=40%,"Medium Discount","High Discount")) -> Medium Discount | G36: 32 | H36: 4.5 | I36: =IF(ISBLANK(H36),"Unknown",IF(H36<3,"Poor", IF(H36<=4,"Average", IF(H36<4.5,"Good","Excellent")))) -> Excellent
A37: DIY File Folder, Office Drawer File Holder, Pen Holder, Desktop Storage Rack | B37: 1620 | C37: 2690 | D37: =C37-B37 -> 1070 | E37: 0.4 | F37: =IF(E37<20%,"Low Discount",IF(E37<=40%,"Medium Discount","High Discount")) -> Medium Discount | G37: 1 | H37: 5 | I37: =IF(ISBLANK(H37),"Unknown",IF(H37<3,"Poor", IF(H37<=4,"Average", IF(H37<4.5,"Good","Excellent")))) -> Excellent
A38: Classic Black Cat Cotton Hemp Pillow Case For Home Car | B38: 171 | C38: 360 | D38: =C38-B38 -> 189 | E38: 0.53 | F38: =IF(E38<20%,"Low Discount",IF(E38<=40%,"Medium Discount","High Discount")) -> High Discount | G38: 2 | H38: 5 | I38: =IF(ISBLANK(H38),"Unknown",IF(H38<3,"Poor", IF(H38<=4,"Average", IF(H38<4.5,"Good","Excellent")))) -> Excellent
A39: Punch-free Great Load Bearing Bathroom Storage Rack Wall Shelf-White | B39: 389 | C39: 656 | D39: =C39-B39 -> 267 | E39: 0.41 | F39: =IF(E39<20%,"Low Discount",IF(E39<=40%,"Medium Discount","High Discount")) -> High Discount | G39: 36 | H39: 4.3 | I39: =IF(ISBLANK(H39),"Unknown",IF(H39<3,"Poor", IF(H39<=4,"Average", IF(H39<4.5,"Good","Excellent")))) -> Good
A40: 1/2/3 Seater Elastic Sofa Cover,Living Room/Home Decor Chair Cover-Grey | B40: 1800 | C40: 2700 | D40: =C40-B40 -> 900 | E40: 0.38 | F40: =IF(E40<20%,"Low Discount",IF(E40<=40%,"Medium Discount","High Discount")) -> Medium Discount | G40: 2 | H40: 4.5 | I40: =IF(ISBLANK(H40),"Unknown",IF(H40<3,"Poor", IF(H40<=4,"Average", IF(H40<4.5,"Good","Excellent")))) -> Excellent
A41: LASA Stainless Steel Double Wall Mount Soap Dispenser - 500ml | B41: 2750 | C41: 4471 | D41: =C41-B41 -> 1721 | E41: 0.38 | F41: =IF(E41<20%,"Low Discount",IF(E41<=40%,"Medium Discount","High Discount")) -> Medium Discount | I41: =IF(ISBLANK(H41),"Unknown",IF(H41<3,"Poor", IF(H41<=4,"Average", IF(H41<4.5,"Good","Excellent")))) -> Unknown
A42: 4M Float Switch Water Level Controller -Water Tank | B42: 475 | C42: 931 | D42: =C42-B42 -> 456 | E42: 0.49 | F42: =IF(E42<20%,"Low Discount",IF(E42<=40%,"Medium Discount","High Discount")) -> High Discount | I42: =IF(ISBLANK(H42),"Unknown",IF(H42<3,"Poor", IF(H42<=4,"Average", IF(H42<4.5,"Good","Excellent")))) -> Unknown
A43: Modern Sofa Throw Pillow Cover-45x45cm-Blue&Red | B43: 238 | C43: 476 | D43: =C43-B43 -> 238 | E43: 0.5 | F43: =IF(E43<20%,"Low Discount",IF(E43<=40%,"Medium Discount","High Discount")) -> High Discount | I43: =IF(ISBLANK(H43),"Unknown",IF(H43<3,"Poor", IF(H43<=4,"Average", IF(H43<4.5,"Good","Excellent")))) -> Unknown
A44: Balloon Insert, Birthday Party Balloon Set, PU Leather | B44: 610 | C44: 1060 | D44: =C44-B44 -> 450 | E44: 0.42 | F44: =IF(E44<20%,"Low Discount",IF(E44<=40%,"Medium Discount","High Discount")) -> High Discount | I44: =IF(ISBLANK(H44),"Unknown",IF(H44<3,"Poor", IF(H44<=4,"Average", IF(H44<4.5,"Good","Excellent")))) -> Unknown
A45: Shower Cap Wide Elastic Band Cover Reusable Bashroom Cap | B45: 2132 | C45: 2169 | D45: =C45-B45 -> 37 | E45: 0.02 | F45: =IF(E45<20%,"Low Discount",IF(E45<=40%,"Medium Discount","High Discount")) -> Low Discount | I45: =IF(ISBLANK(H45),"Unknown",IF(H45<3,"Poor", IF(H45<=4,"Average", IF(H45<4.5,"Good","Excellent")))) -> Unknown
A46: Christmas Elk Fence Yard Lawn Decorations Cute For Holidays | B46: 999 | C46: 2000 | D46: =C46-B46 -> 1001 | E46: 0.5 | F46: =IF(E46<20%,"Low Discount",IF(E46<=40%,"Medium Discount","High Discount")) -> High Discount | I46: =IF(ISBLANK(H46),"Unknown",IF(H46<3,"Poor", IF(H46<=4,"Average", IF(H46<4.5,"Good","Excellent")))) -> Unknown
A47: 60W Hot Melt Glue Sprayer - Efficient And Stable Glue Dispensing | B47: 1190 | C47: 1785 | D47: =C47-B47 -> 595 | E47: 0.33 | F47: =IF(E47<20%,"Low Discount",IF(E47<=40%,"Medium Discount","High Discount")) -> Medium Discount | I47: =IF(ISBLANK(H47),"Unknown",IF(H47<3,"Poor", IF(H47<=4,"Average", IF(H47<4.5,"Good","Excellent")))) -> Unknown
A48: Car Phone Charging Stand | B48: 671 | C48: 1316 | D48: =C48-B48 -> 645 | E48: 0.49 | F48: =IF(E48<20%,"Low Discount",IF(E48<=40%,"Medium Discount","High Discount")) -> High Discount | I48: =IF(ISBLANK(H48),"Unknown",IF(H48<3,"Poor", IF(H48<=4,"Average", IF(H48<4.5,"Good","Excellent")))) -> Unknown
A49: 2pcs Solar Street Light Flood Light Outdoor | B49: 1200 | C49: 1950 | D49: =C49-B49 -> 750 | E49: 0.38 | F49: =IF(E49<20%,"Low Discount",IF(E49<=40%,"Medium Discount","High Discount")) -> Medium Discount | I49: =IF(ISBLANK(H49),"Unknown",IF(H49<3,"Poor", IF(H49<=4,"Average", IF(H49<4.5,"Good","Excellent")))) -> Unknown
A50: Creative Owl Shape Keychain Black | B50: 199 | C50: 504 | D50: =C50-B50 -> 305 | E50: 0.61 | F50: =IF(E50<20%,"Low Discount",IF(E50<=40%,"Medium Discount","High Discount")) -> High Discount | I50: =IF(ISBLANK(H50),"Unknown",IF(H50<3,"Poor", IF(H50<=4,"Average", IF(H50<4.5,"Good","Excellent")))) -> Unknown
A51: Brush & Paintbrush Cleaning Tool Pink | B51: 299 | C51: 600 | D51: =C51-B51 -> 301 | E51: 0.5 | F51: =IF(E51<20%,"Low Discount",IF(E51<=40%,"Medium Discount","High Discount")) -> High Discount | I51: =IF(ISBLANK(H51),"Unknown",IF(H51<3,"Poor", IF(H51<=4,"Average", IF(H51<4.5,"Good","Excellent")))) -> Unknown
A52: Pen Grips For Kids Pen Grip Posture Correction Tool For Kids | B52: 1660 | C52: 1699 | D52: =C52-B52 -> 39 | E52: 0.02 | F52: =IF(E52<20%,"Low Discount",IF(E52<=40%,"Medium Discount","High Discount")) -> Low Discount | I52: =IF(ISBLANK(H52),"Unknown",IF(H52<3,"Poor", IF(H52<=4,"Average", IF(H52<4.5,"Good","Excellent")))) -> Unknown
... A60: Simple Metal Dog Art Sculpture Decoration For Home Office | B60: 399 | C60: 896 | D60: =C60-B60 -> 497 | E60: 0.55 | F60: =IF(E60<20%,"Low Discount",IF(E60<=40%,"Medium Discount","High Discount")) -> High Discount | I60: =IF(ISBLANK(H60),"Unknown",IF(H60<3,"Poor", IF(H60<=4,"Average", IF(H60<4.5,"Good","Excellent")))) -> Unknown
A61: 5 Pieces/set Of Stainless Steel Induction Cooker Pots | B61: 2170 | C61: 2500 | D61: =C61-B61 -> 330 | E61: 0.13 | F61: =IF(E61<20%,"Low Discount",IF(E61<=40%,"Medium Discount","High Discount")) -> Low Discount | G61: 6 | H61: 2.5 | I61: =IF(ISBLANK(H61),"Unknown",IF(H61<3,"Poor", IF(H61<=4,"Average", IF(H61<4.5,"Good","Excellent")))) -> Poor
A62: Mythco 120COB Solar Wall Ligt With Motion Sensor And Remote Control 3 Modes | B62: 458 | C62: 986 | D62: =C62-B62 -> 528 | E62: 0.54 | F62: =IF(E62<20%,"Low Discount",IF(E62<=40%,"Medium Discount","High Discount")) -> High Discount | G62: 10 | H62: 3 | I62: =IF(ISBLANK(H62),"Unknown",IF(H62<3,"Poor", IF(H62<=4,"Average", IF(H62<4.5,"Good","Excellent")))) -> Average
A63: 5-PCS Stainless Steel Cooking Pot Set With Steamed Slices | B63: 2115 | C63: 4700 | D63: =C63-B63 -> 2585 | E63: 0.55 | F63: =IF(E63<20%,"Low Discount",IF(E63<=40%,"Medium Discount","High Discount")) -> High Discount | G63: 13 | H63: 2.1 | I63: =IF(ISBLANK(H63),"Unknown",IF(H63<3,"Poor", IF(H63<=4,"Average", IF(H63<4.5,"Good","Excellent")))) -> Poor
A64: 120W Cordless Vacuum Cleaners Handheld Electric Vacuum Cleaner | B64: 445 | C64: 873 | D64: =C64-B64 -> 428 | E64: 0.49 | F64: =IF(E64<20%,"Low Discount",IF(E64<=40%,"Medium Discount","High Discount")) -> High Discount | G64: 69 | H64: 2.8 | I64: =IF(ISBLANK(H64),"Unknown",IF(H64<3,"Poor", IF(H64<=4,"Average", IF(H64<4.5,"Good","Excellent")))) -> Poor
A65: Intelligent LED Body Sensor Wireless Lighting Night Light USB | B65: 325 | C65: 680 | D65: =C65-B65 -> 355 | E65: 0.52 | F65: =IF(E65<20%,"Low Discount",IF(E65<=40%,"Medium Discount","High Discount")) -> High Discount | G65: 15 | H65: 2.7 | I65: =IF(ISBLANK(H65),"Unknown",IF(H65<3,"Poor", IF(H65<=4,"Average", IF(H65<4.5,"Good","Excellent")))) -> Poor
A66: VIC Wireless Vacuum Cleaner Dual Use For Home And Car 120W High Power Powerful | B66: 1220 | C66: 1555 | D66: =C66-B66 -> 335 | E66: 0.22 | F66: =IF(E66<20%,"Low Discount",IF(E66<=40%,"Medium Discount","High Discount")) -> Medium Discount | G66: 16 | H66: 2.9 | I66: =IF(ISBLANK(H66),"Unknown",IF(H66<3,"Poor", IF(H66<=4,"Average", IF(H66<4.5,"Good","Excellent")))) -> Poor
A67: Artificial Potted Flowers Room Decorative Flowers (2 Pieces) | B67: 990 | C67: 1814 | D67: =C67-B67 -> 824 | E67: 0.45 | F67: =IF(E67<20%,"Low Discount",IF(E67<=40%,"Medium Discount","High Discount")) -> High Discount | G67: 6 | H67: 2.2 | I67: =IF(ISBLANK(H67),"Unknown",IF(H67<3,"Poor", IF(H67<=4,"Average", IF(H67<4.5,"Good","Excellent")))) -> Poor
A68: 380ML USB Rechargeable Portable Small Blenders And Juicers | B68: 1000 | C68: 2000 | D68: =C68-B68 -> 1000 | E68: 0.5 | F68: =IF(E68<20%,"Low Discount",IF(E68<=40%,"Medium Discount","High Discount")) -> High Discount | G68: 7 | H68: 2.3 | I68: =IF(ISBLANK(H68),"Unknown",IF(H68<3,"Poor", IF(H68<=4,"Average", IF(H68<4.5,"Good","Excellent")))) -> Poor
A69: 32PCS Portable Cordless Drill Set With Cyclic Battery Drive -26 Variable Speed | B69: 3750 | C69: 6143 | D69: =C69-B69 -> 2393 | E69: 0.39 | F69: =IF(E69<20%,"Low Discount",IF(E69<=40%,"Medium Discount","High Discount")) -> Medium Discount | G69: 5 | H69: 3 | I69: =IF(ISBLANK(H69),"Unknown",IF(H69<3,"Poor", IF(H69<=4,"Average", IF(H69<4.5,"Good","Excellent")))) -> Average
A70: Agapeon Toothbrush Holder And Toothpaste Dispenser | B70: 382 | C70: 700 | D70: =C70-B70 -> 318 | E70: 0.45 | F70: =IF(E70<20%,"Low Discount",IF(E70<=40%,"Medium Discount","High Discount")) -> High Discount | G70: 17 | H70: 2.6 | I70: =IF(ISBLANK(H70),"Unknown",IF(H70<3,"Poor", IF(H70<=4,"Average", IF(H70<4.5,"Good","Excellent")))) -> Poor
A71: Large Lazy Inflatable Sofa Chairs PVC Lounger Seat Bag | B71: 2300 | C71: 3240 | D71: =C71-B71 -> 940 | E71: 0.29 | F71: =IF(E71<20%,"Low Discount",IF(E71<=40%,"Medium Discount","High Discount")) -> Medium Discount | G71: 5 | H71: 3 | I71: =IF(ISBLANK(H71),"Unknown",IF(H71<3,"Poor", IF(H71<=4,"Average", IF(H71<4.5,"Good","Excellent")))) -> Average
A72: Watercolour Gold Foil Textured Print Pillow Cover | B72: 345 | C72: 602 | D72: =C72-B72 -> 257 | E72: 0.43 | F72: =IF(E72<20%,"Low Discount",IF(E72<=40%,"Medium Discount","High Discount")) -> High Discount | G72: 6 | H72: 2.3 | I72: =IF(ISBLANK(H72),"Unknown",IF(H72<3,"Poor", IF(H72<=4,"Average", IF(H72<4.5,"Good","Excellent")))) -> Poor
... A75: Electric LED UV Mosquito Killer Lamp, Outdoor/Indoor Fly Killer Trap Light -USB | B75: 1570 | C75: 2988 | D75: =C75-B75 -> 1418 | E75: 0.47 | F75: =IF(E75<20%,"Low Discount",IF(E75<=40%,"Medium Discount","High Discount")) -> High Discount | G75: 7 | H75: 2.1 | I75: =IF(ISBLANK(H75),"Unknown",IF(H75<3,"Poor", IF(H75<=4,"Average", IF(H75<4.5,"Good","Excellent")))) -> Poor
A76: 2PCS/LOT Solar LED Outdoor Intelligent Light Controlled Wall Lamp | B76: 790 | C76: 1485 | D76: =C76-B76 -> 695 | E76: 0.47 | F76: =IF(E76<20%,"Low Discount",IF(E76<=40%,"Medium Discount","High Discount")) -> High Discount | I76: =IF(ISBLANK(H76),"Unknown",IF(H76<3,"Poor", IF(H76<=4,"Average", IF(H76<4.5,"Good","Excellent")))) -> Unknown
A77: 3PCS Rotary Scraper Thermomix For Kitchen | B77: 690 | C77: 1200 | D77: =C77-B77 -> 510 | E77: 0.43 | F77: =IF(E77<20%,"Low Discount",IF(E77<=40%,"Medium Discount","High Discount")) -> High Discount | I77: =IF(ISBLANK(H77),"Unknown",IF(H77<3,"Poor", IF(H77<=4,"Average", IF(H77<4.5,"Good","Excellent")))) -> Unknown
A78: Cushion Silicone Butt Cushion Summer Ice Cushion Honeycomb Gel Cushion | B78: 1732 | C78: 1799 | D78: =C78-B78 -> 67 | E78: 0.04 | F78: =IF(E78<20%,"Low Discount",IF(E78<=40%,"Medium Discount","High Discount")) -> Low Discount | I78: =IF(ISBLANK(H78),"Unknown",IF(H78<3,"Poor", IF(H78<=4,"Average", IF(H78<4.5,"Good","Excellent")))) -> Unknown
A79: 7PCS Silicone Thumb Knife Finger Protector Vegetable Harvesting Knife | B79: 230 | C79: 450 | D79: =C79-B79 -> 220 | E79: 0.49 | F79: =IF(E79<20%,"Low Discount",IF(E79<=40%,"Medium Discount","High Discount")) -> High Discount | I79: =IF(ISBLANK(H79),"Unknown",IF(H79<3,"Poor", IF(H79<=4,"Average", IF(H79<4.5,"Good","Excellent")))) -> Unknown
A80: Memory Foam Neck Pillow Cover, With Pillow Core - 50*30cm | B80: 1189 | C80: 2199 | D80: =C80-B80 -> 1010 | E80: 0.46 | F80: =IF(E80<20%,"Low Discount",IF(E80<=40%,"Medium Discount","High Discount")) -> High Discount | G80: 1 | H80: 3 | I80: =IF(ISBLANK(H80),"Unknown",IF(H80<3,"Poor", IF(H80<=4,"Average", IF(H80<4.5,"Good","Excellent")))) -> Average
A81: Bedroom Simple Floor Hanging Clothes Rack Single Pole Hat Rack - White | B81: 979 | C81: 1920 | D81: =C81-B81 -> 941 | E81: 0.49 | F81: =IF(E81<20%,"Low Discount",IF(E81<=40%,"Medium Discount","High Discount")) -> High Discount | G81: 1 | H81: 5 | I81: =IF(ISBLANK(H81),"Unknown",IF(H81<3,"Poor", IF(H81<=4,"Average", IF(H81<4.5,"Good","Excellent")))) -> Excellent
A82: 5m Waterproof Spherical LED String Lights Outdoor Ball Chain Lights Party Lighting Decoration Adjustable | B82: 1460 | C82: 2290 | D82: =C82-B82 -> 830 | E82: 0.36 | F82: =IF(E82<20%,"Low Discount",IF(E82<=40%,"Medium Discount","High Discount")) -> Medium Discount | I82: =IF(ISBLANK(H82),"Unknown",IF(H82<3,"Poor", IF(H82<=4,"Average", IF(H82<4.5,"Good","Excellent")))) -> Unknown
A83: 2 Pairs Cowhide Split Leather Work Gloves.32℉ Or Above Welding Gloves | B83: 1666 | C83: 1699 | D83: =C83-B83 -> 33 | E83: 0.02 | F83: =IF(E83<20%,"Low Discount",IF(E83<=40%,"Medium Discount","High Discount")) -> Low Discount | I83: =IF(ISBLANK(H83),"Unknown",IF(H83<3,"Poor", IF(H83<=4,"Average", IF(H83<4.5,"Good","Excellent")))) -> Unknown
A84: Household Pineapple Peeler Peeler | B84: 330 | C84: 647 | D84: =C84-B84 -> 317 | E84: 0.49 | F84: =IF(E84<20%,"Low Discount",IF(E84<=40%,"Medium Discount","High Discount")) -> High Discount | G84: 1 | H84: 4 | I84: =IF(ISBLANK(H84),"Unknown",IF(H84<3,"Poor", IF(H84<=4,"Average", IF(H84<4.5,"Good","Excellent")))) -> Average
A85: Creative Owl Shape Keychain Black | B85: 176 | C85: 345 | D85: =C85-B85 -> 169 | E85: 0.49 | F85: =IF(E85<20%,"Low Discount",IF(E85<=40%,"Medium Discount","High Discount")) -> High Discount | I85: =IF(ISBLANK(H85),"Unknown",IF(H85<3,"Poor", IF(H85<=4,"Average", IF(H85<4.5,"Good","Excellent")))) -> Unknown
A86: Office Chair Lumbar Back Support Spine Posture Correction Pillow Car Cushion | B86: 1466 | C86: 1699 | D86: =C86-B86 -> 233 | E86: 0.14 | F86: =IF(E86<20%,"Low Discount",IF(E86<=40%,"Medium Discount","High Discount")) -> Low Discount | I86: =IF(ISBLANK(H86),"Unknown",IF(H86<3,"Poor", IF(H86<=4,"Average", IF(H86<4.5,"Good","Excellent")))) -> Unknown
A87: Cartoon Car Decoration Cute Individuality For Car Home Desk | B87: 274 | C87: 537 | D87: =C87-B87 -> 263 | E87: 0.49 | F87: =IF(E87<20%,"Low Discount",IF(E87<=40%,"Medium Discount","High Discount")) -> High Discount | I87: =IF(ISBLANK(H87),"Unknown",IF(H87<3,"Poor", IF(H87<=4,"Average", IF(H87<4.5,"Good","Excellent")))) -> Unknown
A88: Outdoor Portable Water Bottle With Medicine Box - 600ML - Black | B88: 799 | C88: 900 | D88: =C88-B88 -> 101 | E88: 0.11 | F88: =IF(E88<20%,"Low Discount",IF(E88<=40%,"Medium Discount","High Discount")) -> Low Discount | I88: =IF(ISBLANK(H88),"Unknown",IF(H88<3,"Poor", IF(H88<=4,"Average", IF(H88<4.5,"Good","Excellent")))) -> Unknown
A89: Angle Measuring Tool Full Metal Multi Angle Measuring Tool | B89: 657 | C89: 1288 | D89: =C89-B89 -> 631 | E89: 0.49 | F89: =IF(E89<20%,"Low Discount",IF(E89<=40%,"Medium Discount","High Discount")) -> High Discount | I89: =IF(ISBLANK(H89),"Unknown",IF(H89<3,"Poor", IF(H89<=4,"Average", IF(H89<4.5,"Good","Excellent")))) -> Unknown
A90: Wall-Mounted Toothbrush Toothpaste Holder With Multiple Slots | B90: 1468 | C90: 1699 | D90: =C90-B90 -> 231 | E90: 0.14 | F90: =IF(E90<20%,"Low Discount",IF(E90<=40%,"Medium Discount","High Discount")) -> Low Discount | I90: =IF(ISBLANK(H90),"Unknown",IF(H90<3,"Poor", IF(H90<=4,"Average", IF(H90<4.5,"Good","Excellent")))) -> Unknown
A91: Multifunctional Hanging Storage Box Storage Bag (4 Layers) | B91: 630 | C91: 1100 | D91: =C91-B91 -> 470 | E91: 0.43 | F91: =IF(E91<20%,"Low Discount",IF(E91<=40%,"Medium Discount","High Discount")) -> High Discount | I91: =IF(ISBLANK(H91),"Unknown",IF(H91<3,"Poor", IF(H91<=4,"Average", IF(H91<4.5,"Good","Excellent")))) -> Unknown
A92: Wall Clock With Hidden Safe Box | B92: 850 | C92: 1700 | D92: =C92-B92 -> 850 | E92: 0.5 | F92: =IF(E92<20%,"Low Discount",IF(E92<=40%,"Medium Discount","High Discount")) -> High Discount | I92: =IF(ISBLANK(H92),"Unknown",IF(H92<3,"Poor", IF(H92<=4,"Average", IF(H92<4.5,"Good","Excellent")))) -> Unknown
A93: Portable Wine Table With Folding Round Table | B93: 1300 | C93: 2500 | D93: =C93-B93 -> 1200 | E93: 0.48 | F93: =IF(E93<20%,"Low Discount",IF(E93<=40%,"Medium Discount","High Discount")) -> High Discount | I93: =IF(ISBLANK(H93),"Unknown",IF(H93<3,"Poor", IF(H93<=4,"Average", IF(H93<4.5,"Good","Excellent")))) -> Unknown
A94: Sewing Machine Needle Threader Stitch Insertion Tool Automatic Quick Sewing | B94: 105 | C94: 200 | D94: =C94-B94 -> 95 | E94: 0.48 | F94: =IF(E94<20%,"Low Discount",IF(E94<=40%,"Medium Discount","High Discount")) -> High Discount | I94: =IF(ISBLANK(H94),"Unknown",IF(H94<3,"Poor", IF(H94<=4,"Average", IF(H94<4.5,"Good","Excellent")))) -> Unknown
A95: 6 Layers Steel Pipe Assembling Dustproof Storage Shoe Cabinet | B95: 899 | C95: 1699 | D95: =C95-B95 -> 800 | E95: 0.47 | F95: =IF(E95<20%,"Low Discount",IF(E95<=40%,"Medium Discount","High Discount")) -> High Discount | I95: =IF(ISBLANK(H95),"Unknown",IF(H95<3,"Poor", IF(H95<=4,"Average", IF(H95<4.5,"Good","Excellent")))) -> Unknown
A96: 2PCS Ice Silk Square Cushion Cover Pillowcases - 65x65cm | B96: 1200 | C96: 2400 | D96: =C96-B96 -> 1200 | E96: 0.5 | F96: =IF(E96<20%,"Low Discount",IF(E96<=40%,"Medium Discount","High Discount")) -> High Discount | I96: =IF(ISBLANK(H96),"Unknown",IF(H96<3,"Poor", IF(H96<=4,"Average", IF(H96<4.5,"Good","Excellent")))) -> Unknown
... A102: 8in1 Screwdriver With LED Light | B102: 1080 | C102: 1874 | D102: =C102-B102 -> 794 | E102: 0.42 | F102: =IF(E102<20%,"Low Discount",IF(E102<=40%,"Medium Discount","High Discount")) -> High Discount | I102: =IF(ISBLANK(H102),"Unknown",IF(H102<3,"Poor", IF(H102<=4,"Average", IF(H102<4.5,"Good","Excellent")))) -> Unknown
A103: Konka Healty Electric Kettle, 24-hour Heat Preservation,1.5L,800W, White | B103: 3640 | C103: 4588 | D103: =C103-B103 -> 948 | E103: 0.21 | F103: =IF(E103<20%,"Low Discount",IF(E103<=40%,"Medium Discount","High Discount")) -> Medium Discount | G103: 1 | H103: 5 | I103: =IF(ISBLANK(H103),"Unknown",IF(H103<3,"Poor", IF(H103<=4,"Average", IF(H103<4.5,"Good","Excellent")))) -> Excellent
A104: 9pcs Gas Mask, For Painting, Dust, Formaldehyde Grinding, Polishing | B104: 1420 | C104: 2420 | D104: =C104-B104 -> 1000 | E104: 0.41 | F104: =IF(E104<20%,"Low Discount",IF(E104<=40%,"Medium Discount","High Discount")) -> High Discount | I104: =IF(ISBLANK(H104),"Unknown",IF(H104<3,"Poor", IF(H104<=4,"Average", IF(H104<4.5,"Good","Excellent")))) -> Unknown
A105: 24 Grid Wall-mounted Sundries Organiser Fabric Closet Bag Storage Rack | B105: 1875 | C105: 1899 | D105: =C105-B105 -> 24 | E105: 0.01 | F105: =IF(E105<20%,"Low Discount",IF(E105<=40%,"Medium Discount","High Discount")) -> Low Discount | I105: =IF(ISBLANK(H105),"Unknown",IF(H105<3,"Poor", IF(H105<=4,"Average", IF(H105<4.5,"Good","Excellent")))) -> Unknown
A106: 1PC Refrigerator Food Seal Pocket Fridge Bags | B106: 198 | C106: 260 | D106: =C106-B106 -> 62 | E106: 0.24 | F106: =IF(E106<20%,"Low Discount",IF(E106<=40%,"Medium Discount","High Discount")) -> Medium Discount | I106: =IF(ISBLANK(H106),"Unknown",IF(H106<3,"Poor", IF(H106<=4,"Average", IF(H106<4.5,"Good","Excellent")))) -> Unknown
A107: LED Solar Street Light-fake Camera | B107: 1150 | C107: 1737 | D107: =C107-B107 -> 587 | E107: 0.34 | F107: =IF(E107<20%,"Low Discount",IF(E107<=40%,"Medium Discount","High Discount")) -> Medium Discount | I107: =IF(ISBLANK(H107),"Unknown",IF(H107<3,"Poor", IF(H107<=4,"Average", IF(H107<4.5,"Good","Excellent")))) -> Unknown
A108: Cartoon Embroidered Mini Towel Bear Cotton Wash Cloth Hand 4pcs | B108: 1190 | C108: 1810 | D108: =C108-B108 -> 620 | E108: 0.34 | F108: =IF(E108<20%,"Low Discount",IF(E108<=40%,"Medium Discount","High Discount")) -> Medium Discount | I108: =IF(ISBLANK(H108),"Unknown",IF(H108<3,"Poor", IF(H108<=4,"Average", IF(H108<4.5,"Good","Excellent")))) -> Unknown
A109: Shower Nozzle Cleaning Unclogging Needle Mini Crevice Small Hole Cleaning Brush | B109: 1658 | C109: 1699 | D109: =C109-B109 -> 41 | E109: 0.02 | F109: =IF(E109<20%,"Low Discount",IF(E109<=40%,"Medium Discount","High Discount")) -> Low Discount | I109: =IF(ISBLANK(H109),"Unknown",IF(H109<3,"Poor", IF(H109<=4,"Average", IF(H109<4.5,"Good","Excellent")))) -> Unknown
A110: Thickening Multipurpose Non Stick Easy To Clean Heat Resistant Spoon Pad | B110: 1768 | C110: 1799 | D110: =C110-B110 -> 31 | E110: 0.02 | F110: =IF(E110<20%,"Low Discount",IF(E110<=40%,"Medium Discount","High Discount")) -> Low Discount | I110: =IF(ISBLANK(H110),"Unknown",IF(H110<3,"Poor", IF(H110<=4,"Average", IF(H110<4.5,"Good","Excellent")))) -> Unknown
A111: 6 In 1 Bottle Can Opener Multifunctional Easy Opener | B111: 199 | C111: 553 | D111: =C111-B111 -> 354 | E111: 0.64 | F111: =IF(E111<20%,"Low Discount",IF(E111<=40%,"Medium Discount","High Discount")) -> High Discount | I111: =IF(ISBLANK(H111),"Unknown",IF(H111<3,"Poor", IF(H111<=4,"Average", IF(H111<4.5,"Good","Excellent")))) -> Unknown
A112: Wall-mounted Sticker Punch-free Plug Fixer | B112: 450 | C112: 900 | D112: =C112-B112 -> 450 | E112: 0.5 | F112: =IF(E112<20%,"Low Discount",IF(E112<=40%,"Medium Discount","High Discount")) -> High Discount | G112: 1 | H112: 2 | I112: =IF(ISBLANK(H112),"Unknown",IF(H112<3,"Poor", IF(H112<=4,"Average", IF(H112<4.5,"Good","Excellent")))) -> Poor
A113: Black Simple Water Cup Wine Coaster Anti Slip Absorbent | B113: 169 | C113: 320 | D113: =C113-B113 -> 151 | E113: 0.47 | F113: =IF(E113<20%,"Low Discount",IF(E113<=40%,"Medium Discount","High Discount")) -> High Discount | I113: =IF(ISBLANK(H113),"Unknown",IF(H113<3,"Poor", IF(H113<=4,"Average", IF(H113<4.5,"Good","Excellent")))) -> Unknown

Sheet Sheet3
A1: DESCRIPTIVE STATISTICS
A2: Metric | B2: Value
A3: Total Products | B3: =COUNTA(Sheet1!A2:A113) -> 112
A4: Avg Current Price (KSh) | B4: =AVERAGE(Sheet1!B2:B113) -> 1186.8929
A5: Avg Old Price (KSh) | B5: =AVERAGE(Sheet1!C2:C113) -> 1811.1071
A6: Avg Discount % | B6: =AVERAGE(Sheet1!E2:E113) -> 0.36776786
A7: Avg Rating | B7: =AVERAGE(Sheet1!H2:H113) -> 3.8894737
A8: Total Reviews | B8: {=SUM(ABS(Sheet1!G2:G113))} -> 723
A9: Most Expensive Product | B9: 32PCS Portable Cordless Drill Set With Cyclic Battery Drive -26 Variable Speed
A10: Highest Price (KSh) | B10: =MAX(Sheet1!B2:B113) -> 3750
A11: Least Expensive Product | B11: 3PCS Single Head Knitting Crochet Sweater Needle Set
A12: Lowest Price (KSh) | B12: =MIN(Sheet1!B2:B113) -> 38
A13: Max Discount % | B13: =MAX(Sheet1!E2:E113) -> 0.64
A14: Min Discount % | B14: =MIN(Sheet1!E2:E113) -> 0.01
A18: RATING CATEGORY BREAKDOWN
A19: Rating Category | B19: Count | C19: Avg Price | D19: Avg Reviews
A20: Poor | B20: =COUNTIF(Sheet1!I2:I113,"Poor") -> 12 | C20: =IFERROR(AVERAGEIF(Sheet1!I2:I113,"Poor",Sheet1!B2:B113),"") -> 998.33333 | D20: =IFERROR(AVERAGEIF(Sheet1!I2:I113,"Poor",Sheet1!G2:G113),"") -> 14.083333
A21: Average | B21: =COUNTIF(Sheet1!I2:I113,"Average") -> 13 | C21: =IFERROR(AVERAGEIF(Sheet1!I2:I113,"Average",Sheet1!B2:B113),"") -> 1482.3846 | D21: =IFERROR(AVERAGEIF(Sheet1!I2:I113,"Average",Sheet1!G2:G113),"") -> 7.1538462
A22: Good | B22: =COUNTIF(Sheet1!I2:I113,"Good") -> 9 | C22: =IFERROR(AVERAGEIF(Sheet1!I2:I113,"Good",Sheet1!B2:B113),"") -> 1206.2222 | D22: =IFERROR(AVERAGEIF(Sheet1!I2:I113,"Good",Sheet1!G2:G113),"") -> 14.444444
A23: Excellent | B23: =COUNTIF(Sheet1!I2:I114,"Excellent") -> 23 | C23: =IFERROR(AVERAGEIF(Sheet1!I2:I113,"Excellent",Sheet1!B2:B113),"") -> 1399.3043 | D23: =IFERROR(AVERAGEIF(Sheet1!I2:I113,"Excellent",Sheet1!G2:G113),"") -> 14.391304
A24: Unknown | B24: =COUNTIF(Sheet1!I2:I113,"Unknown") -> 55 | C24: =IFERROR(AVERAGEIF(Sheet1!I2:I113,"Unknown",Sheet1!B2:B113),"") -> 1066.2 | D24: =IFERROR(AVERAGEIF(Sheet1!I2:I113,"Unknown",Sheet1!G2:G113),"")
A27: DISCOUNT CATEGORY BREAKDOWN
A28: Discount Category | B28: Count | C28: Avg Rating | D28: Avg Reviews
A29: Low Discount | B29: =COUNTIF(Sheet1!F2:F113,"Low Discount") -> 18 | C29: =IFERROR(AVERAGEIF(Sheet1!F2:F113,"Low Discount",Sheet1!H2:H113),"") -> 3.725 | D29: =IFERROR(AVERAGEIF(Sheet1!F2:F113,"Low Discount",Sheet1!G2:G113),"") -> 9.5
A30: Medium Discount | B30: =COUNTIF(Sheet1!F2:F113,"Medium Discount") -> 32 | C30: =IFERROR(AVERAGEIF(Sheet1!F2:F113,"Medium Discount",Sheet1!H2:H113),"") -> 4.2782609 | D30: =IFERROR(AVERAGEIF(Sheet1!F2:F113,"Medium Discount",Sheet1!G2:G113),"") -> 15.26087
A31: High Discount | B31: =COUNTIF(Sheet1!F2:F113,"High Discount") -> 62 | C31: =IFERROR(AVERAGEIF(Sheet1!F2:F113,"High Discount",Sheet1!H2:H113),"") -> 3.6133333 | D31: =IFERROR(AVERAGEIF(Sheet1!F2:F113,"High Discount",Sheet1!G2:G113),"") -> 11.133333

Sheet Trend Analysis
A1: A. Discount % Bucket vs Avg Reviews
A2: Discount % Range | B2: Avg Reviews | C2: Product Count
A3: 0% – 20% | B3: =IFERROR(AVERAGEIFS(Sheet1!G$2:G$113,Sheet1!E$2:E$113,">=0",Sheet1!E$2:E$113,"<=0.2"),0) -> 10 | C3: =COUNTIFS(Sheet1!E$2:E$113,">=0",Sheet1!E$2:E$113,"<=0.2") -> 19
A4: 21% – 40% | B4: =IFERROR(AVERAGEIFS(Sheet1!G$2:G$113,Sheet1!E$2:E$113,">=0.21",Sheet1!E$2:E$113,"<=0.4"),0) -> 15.409091 | C4: =COUNTIFS(Sheet1!E$2:E$113,">=0.21",Sheet1!E$2:E$113,"<=0.4") -> 31
A5: 41% – 60% | B5: =IFERROR(AVERAGEIFS(Sheet1!G$2:G$113,Sheet1!E$2:E$113,">=0.41",Sheet1!E$2:E$113,"<=0.6"),0) -> 11.133333 | C5: =COUNTIFS(Sheet1!E$2:E$113,">=0.41",Sheet1!E$2:E$113,"<=0.6") -> 60
A6: 61% – 80% | B6: =IFERROR(AVERAGEIFS(Sheet1!G$2:G$113,Sheet1!E$2:E$113,">=0.61",Sheet1!E$2:E$113,"<=0.8"),0) -> 0 | C6: =COUNTIFS(Sheet1!E$2:E$113,">=0.61",Sheet1!E$2:E$113,"<=0.8") -> 2
A7: >80% | B7: =IFERROR(AVERAGEIFS(Sheet1!G$2:G$113,Sheet1!E$2:E$113,">=0.81",Sheet1!E$2:E$113,"<=1.0"),0) -> 0 | C7: =COUNTIFS(Sheet1!E$2:E$113,">=0.81",Sheet1!E$2:E$113,"<=1.0") -> 0
A11: B. Rating Bucket vs Avg Reviews
A12: Rating Range | B12: Avg Reviews | C12: Product Count
A13: 2.0–2.9 (Poor) | B13: =IFERROR(AVERAGEIFS(Sheet1!G$2:G$113,Sheet1!H$2:H$113,">=2.0",Sheet1!H$2:H$113,"<=2.9"),0) -> 14.083333 | C13: =COUNTIFS(Sheet1!H$2:H$113,">=2.0",Sheet1!H$2:H$113,"<=2.9") -> 12
A14: 3.0–4.0 (Average) | B14: =IFERROR(AVERAGEIFS(Sheet1!G$2:G$113,Sheet1!H$2:H$113,">=3.0",Sheet1!H$2:H$113,"<=4.0"),0) -> 7.1538462 | C14: =COUNTIFS(Sheet1!H$2:H$113,">=3.0",Sheet1!H$2:H$113,"<=4.0") -> 13
A15: 4.1–4.4 (Good) | B15: =IFERROR(AVERAGEIFS(Sheet1!G$2:G$113,Sheet1!H$2:H$113,">=4.1",Sheet1!H$2:H$113,"<=4.4"),0) -> 14.444444 | C15: =COUNTIFS(Sheet1!H$2:H$113,">=4.1",Sheet1!H$2:H$113,"<=4.4") -> 9
A16: 4.5–5.0 (Excellent) | B16: =IFERROR(AVERAGEIFS(Sheet1!G$2:G$113,Sheet1!H$2:H$113,">=4.5",Sheet1!H$2:H$113,"<=5.0"),0) -> 14.391304 | C16: =COUNTIFS(Sheet1!H$2:H$113,">=4.5",Sheet1!H$2:H$113,"<=5.0") -> 23
A19: C. High Discount (≥40%) but Low Rating (≤3.5) Products
A20: Product | B20: Discount % | C20: Rating | D20: Reviews | E20: Disc. Category | F20: Rating Category
A21: 3PCS Single Head Knitting Crochet Sweater Needle Set | B21: 0.53 | C21: 3.3 | D21: 13 | E21: Medium Discount | F21: Average
A22: Mythco 120COB Solar Wall Ligt With Motion Sensor And Remote Control 3 Modes | B22: 0.54 | C22: 3 | D22: 10 | E22: Medium Discount | F22: Average
A23: 5-PCS Stainless Steel Cooking Pot Set With Steamed Slices | B23: 0.55 | C23: 2.1 | D23: 13 | E23: Medium Discount | F23: Poor
A24: 120W Cordless Vacuum Cleaners Handheld Electric Vacuum Cleaner | B24: 0.49 | C24: 2.8 | D24: 69 | E24: Medium Discount | F24: Poor
A25: Intelligent LED Body Sensor Wireless Lighting Night Light USB | B25: 0.52 | C25: 2.7 | D25: 15 | E25: Medium Discount | F25: Poor
A26: Artificial Potted Flowers Room Decorative Flowers (2 Pieces) | B26: 0.45 | C26: 2.2 | D26: 6 | E26: Medium Discount | F26: Poor
A27: 380ML USB Rechargeable Portable Small Blenders And Juicers | B27: 0.5 | C27: 2.3 | D27: 7 | E27: Medium Discount | F27: Poor
A28: Agapeon Toothbrush Holder And Toothpaste Dispenser | B28: 0.45 | C28: 2.6 | D28: 17 | E28: Medium Discount | F28: Poor
A29: Watercolour Gold Foil Textured Print Pillow Cover | B29: 0.43 | C29: 2.3 | D29: 6 | E29: Medium Discount | F29: Poor
A30: Wrought Iron Bathroom Shelf Wall Mounted Free Punch Toilet Rack | B30: 0.43 | C30: 3 | D30: 5 | E30: Medium Discount | F30: Average
A31: 7-piece Set Of Storage Bags, Travel Storage Bags, Shoe Bags | B31: 0.47 | C31: 2.2 | D31: 6 | E31: Medium Discount | F31: Poor
A32: Electric LED UV Mosquito Killer Lamp, Outdoor/Indoor Fly Killer Trap Light -USB | B32: 0.47 | C32: 2.1 | D32: 7 | E32: Medium Discount | F32: Poor
... A34: Wall-mounted Sticker Punch-free Plug Fixer | B34: 0.5 | C34: 2 | D34: 1 | E34: Medium Discount | F34: Poor
A37: E. TOP 5 HIGHEST-RATED PRODUCTS
A38: Rank | B38: Product Name | C38: Rating (/5)
A39: 1 | B39: =IFERROR(INDEX(Sheet1!A$2:A$113,MATCH(LARGE(Sheet1!H$2:H$113,1),Sheet1!H$2:H$113,0)),"") -> Anti-Skid Absorbent Insulation Coaster For Home Office | C39: =IFERROR(LARGE(Sheet1!H$2:H$113,1),"") -> 5
A40: 2 | B40: =IFERROR(INDEX(Sheet1!A$2:A$113,MATCH(LARGE(Sheet1!H$2:H$113,2),Sheet1!H$2:H$113,0)),"") -> Anti-Skid Absorbent Insulation Coaster For Home Office | C40: =IFERROR(LARGE(Sheet1!H$2:H$113,2),"") -> 5
A41: 3 | B41: =IFERROR(INDEX(Sheet1!A$2:A$113,MATCH(LARGE(Sheet1!H$2:H$113,3),Sheet1!H$2:H$113,0)),"") -> Anti-Skid Absorbent Insulation Coaster For Home Office | C41: =IFERROR(LARGE(Sheet1!H$2:H$113,3),"") -> 5
A42: 4 | B42: =IFERROR(INDEX(Sheet1!A$2:A$113,MATCH(LARGE(Sheet1!H$2:H$113,3),Sheet1!H$2:H$113,0)),"") -> Anti-Skid Absorbent Insulation Coaster For Home Office | C42: =IFERROR(LARGE(Sheet1!H$2:H$113,4),"") -> 5
A43: 5 | B43: =IFERROR(INDEX(Sheet1!A$2:A$113,MATCH(LARGE(Sheet1!H$2:H$113,5),Sheet1!H$2:H$113,0)),"") -> Anti-Skid Absorbent Insulation Coaster For Home Office | C43: =IFERROR(LARGE(Sheet1!H$2:H$113,5),"") -> 5
A46: F. TOP 5 LOWEST-RATED PRODUCTS
A47: Rank | B47: Product Name | C47: Rating (/5)
A48: 1 | B48: =IFERROR(INDEX(Sheet1!A$2:A$113,MATCH(SMALL(Sheet1!H$2:H$113,1),Sheet1!H$2:H$113,0)),"") -> Wall-mounted Sticker Punch-free Plug Fixer | C48: =IFERROR(SMALL(Sheet1!H$2:H$113,1),"") -> 2
A49: 2 | B49: =IFERROR(INDEX(Sheet1!A$2:A$113,MATCH(SMALL(Sheet1!H$2:H$113,2),Sheet1!H$2:H$113,0)),"") -> 5-PCS Stainless Steel Cooking Pot Set With Steamed Slices | C49: =IFERROR(SMALL(Sheet1!H$2:H$113,2),"") -> 2.1
A50: 3 | B50: =IFERROR(INDEX(Sheet1!A$2:A$113,MATCH(SMALL(Sheet1!H$2:H$113,3),Sheet1!H$2:H$113,0)),"") -> 5-PCS Stainless Steel Cooking Pot Set With Steamed Slices | C50: =IFERROR(SMALL(Sheet1!H$2:H$113,3),"") -> 2.1
A51: 4 | B51: =IFERROR(INDEX(Sheet1!A$2:A$113,MATCH(SMALL(Sheet1!H$2:H$113,4),Sheet1!H$2:H$113,0)),"") -> Artificial Potted Flowers Room Decorative Flowers (2 Pieces) | C51: =IFERROR(SMALL(Sheet1!H$2:H$113,4),"") -> 2.2
A52: 5 | B52: =IFERROR(INDEX(Sheet1!A$2:A$113,MATCH(SMALL(Sheet1!H$2:H$113,5),Sheet1!H$2:H$113,0)),"") -> Artificial Potted Flowers Room Decorative Flowers (2 Pieces) | C52: =IFERROR(SMALL(Sheet1!H$2:H$113,5),"") -> 2.2

Sheet Product Performance
A1: =[1]Analysis!F22 -> TOP 10 BY DISCOUNT
A2: =[1]Analysis!F23 -> Product (Top Discount) | B2: =[1]Analysis!G23 -> Discount %
A3: =IFERROR(INDEX(Sheet1!A$2:A$113,MATCH(LARGE(Sheet1!E$2:E$113,1),Sheet1!E$2:E$113,0)),"") -> 6 In 1 Bottle Can Opener Multifunctional Easy Opener | B3: =IFERROR(LARGE(Sheet1!E$2:E$113,1),"") -> 0.64
A4: =IFERROR(INDEX(Sheet1!A$2:A$113,MATCH(LARGE(Sheet1!E$2:E$113,2),Sheet1!E$2:E$113,0)),"") -> Creative Owl Shape Keychain Black | B4: =IFERROR(LARGE(Sheet1!E$2:E$113,2),"") -> 0.61
A5: =IFERROR(INDEX(Sheet1!A$2:A$113,MATCH(LARGE(Sheet1!E$2:E$113,3),Sheet1!E$2:E$113,0)),"") -> LASA FOLDING TABLE SERVING STAND | B5: =IFERROR(LARGE(Sheet1!E$2:E$113,3),"") -> 0.55
A6: =IFERROR(INDEX(Sheet1!A$2:A$113,MATCH(LARGE(Sheet1!E$2:E$113,4),Sheet1!E$2:E$113,0)),"") -> LASA FOLDING TABLE SERVING STAND | B6: =IFERROR(LARGE(Sheet1!E$2:E$113,4),"") -> 0.55
A7: =IFERROR(INDEX(Sheet1!A$2:A$113,MATCH(LARGE(Sheet1!E$2:E$113,5),Sheet1!E$2:E$113,0)),"") -> LASA FOLDING TABLE SERVING STAND | B7: =IFERROR(LARGE(Sheet1!E$2:E$113,5),"") -> 0.55
A8: =IFERROR(INDEX(Sheet1!A$2:A$113,MATCH(LARGE(Sheet1!E$2:E$113,6),Sheet1!E$2:E$113,0)),"") -> LASA 3 Tier Bamboo Shoe Bench Storage Shelf | B8: =IFERROR(LARGE(Sheet1!E$2:E$113,6),"") -> 0.54
A9: =IFERROR(INDEX(Sheet1!A$2:A$113,MATCH(LARGE(Sheet1!E$2:E$113,7),Sheet1!E$2:E$113,0)),"") -> LASA 3 Tier Bamboo Shoe Bench Storage Shelf | B9: =IFERROR(LARGE(Sheet1!E$2:E$113,7),"") -> 0.54
A10: =IFERROR(INDEX(Sheet1!A$2:A$113,MATCH(LARGE(Sheet1!E$2:E$113,8),Sheet1!E$2:E$113,0)),"") -> 3PCS Single Head Knitting Crochet Sweater Needle Set | B10: =IFERROR(LARGE(Sheet1!E$2:E$113,8),"") -> 0.53
A11: =IFERROR(INDEX(Sheet1!A$2:A$113,MATCH(LARGE(Sheet1!E$2:E$113,9),Sheet1!E$2:E$113,0)),"") -> 3PCS Single Head Knitting Crochet Sweater Needle Set | B11: =IFERROR(LARGE(Sheet1!E$2:E$113,9),"") -> 0.53
A12: =IFERROR(INDEX(Sheet1!A$2:A$113,MATCH(LARGE(Sheet1!E$2:E$113,10),Sheet1!E$2:E$113,0)),"") -> Exfoliate And Exfoliate Face Towel - Black | B12: =IFERROR(LARGE(Sheet1!E$2:E$113,10),"") -> 0.52
A14: TOP 10 BY REVIEWS
A15: Product (Most Reviews) | B15: Reviews
A16: =IFERROR(INDEX(Sheet1!A$2:A$113,MATCH(LARGE(Sheet1!G$2:G$113,1),Sheet1!G$2:G$113,0)),"") -> 120W Cordless Vacuum Cleaners Handheld Electric Vacuum Cleaner | B16: =IFERROR(ABS(LARGE(Sheet1!G$2:G$113,1)),"") -> 69
A17: =IFERROR(INDEX(Sheet1!A$2:A$113,MATCH(LARGE(Sheet1!G$2:G$113,2),Sheet1!G$2:G$113,0)),"") -> 137 Pieces Cake Decorating Tool Set Baking Supplies | B17: =IFERROR(ABS(LARGE(Sheet1!G$2:G$113,2)),"") -> 55
A18: =IFERROR(INDEX(Sheet1!A$2:A$113,MATCH(LARGE(Sheet1!G$2:G$113,3),Sheet1!G$2:G$113,0)),"") -> Electronic Digital Display Vernier Caliper | B18: =IFERROR(ABS(LARGE(Sheet1!G$2:G$113,3)),"") -> 49
A19: =IFERROR(INDEX(Sheet1!A$2:A$113,MATCH(LARGE(Sheet1!G$2:G$113,4),Sheet1!G$2:G$113,0)),"") -> 3D Waterproof EVA Plastic Shower Curtain 1.8*2Mtrs | B19: =IFERROR(ABS(LARGE(Sheet1!G$2:G$113,4)),"") -> 44
A20: =IFERROR(INDEX(Sheet1!A$2:A$113,MATCH(LARGE(Sheet1!G$2:G$113,5),Sheet1!G$2:G$113,0)),"") -> 100 Pcs Crochet Hook Tool Set Knitting Hook Set With Box | B20: =IFERROR(ABS(LARGE(Sheet1!G$2:G$113,5)),"") -> 39
A21: =IFERROR(INDEX(Sheet1!A$2:A$113,MATCH(LARGE(Sheet1!G$2:G$113,6),Sheet1!G$2:G$113,0)),"") -> Punch-free Great Load Bearing Bathroom Storage Rack Wall Shelf-White | B21: =IFERROR(ABS(LARGE(Sheet1!G$2:G$113,6)),"") -> 36
A22: =IFERROR(INDEX(Sheet1!A$2:A$113,MATCH(LARGE(Sheet1!G$2:G$113,7),Sheet1!G$2:G$113,0)),"") -> 53 Pieces/Set Yarn Knitting Crochet Hooks With Bag - Pansies | B22: =IFERROR(ABS(LARGE(Sheet1!G$2:G$113,7)),"") -> 32
A23: =IFERROR(INDEX(Sheet1!A$2:A$113,MATCH(LARGE(Sheet1!G$2:G$113,8),Sheet1!G$2:G$113,0)),"") -> Portable Mini Cordless Car Vacuum Cleaner - Blue | B23: =IFERROR(ABS(LARGE(Sheet1!G$2:G$113,8)),"") -> 24
A24: =IFERROR(INDEX(Sheet1!A$2:A$113,MATCH(LARGE(Sheet1!G$2:G$113,9),Sheet1!G$2:G$113,0)),"") -> 52 Pieces Cake Decorating Tool Set Gift Kit Baking Supplies | B24: =IFERROR(ABS(LARGE(Sheet1!G$2:G$113,9)),"") -> 20
A25: =IFERROR(INDEX(Sheet1!A$2:A$113,MATCH(LARGE(Sheet1!G$2:G$113,10),Sheet1!G$2:G$113,0)),"") -> 52 Pieces Cake Decorating Tool Set Gift Kit Baking Supplies | B25: =IFERROR(ABS(LARGE(Sheet1!G$2:G$113,10)),"") -> 20

Sheet Dashboard
A1: JUMIA PRODUCT PERFORMANCE DASHBOARD
A2: SECTION 1 — OVERVIEW: KEY METRICS
B4: =Sheet3!B3 -> 112 | H4: =Sheet3!B8 -> 723 | N4: =Sheet3!B7 -> 3.8894737 | S4: =Sheet3!B6 -> 0.36776786
B5: Total Products | H5: Total Reviews | N5: Avg Rating (/5) | S5: Avg Discount %
A8: SECTION 3 - PRODUCT CATEGORIES
